{
  "n_dbs_hemispheres_total": 26,
  "n_med_hemispheres_total": 30,
  "stim_artifact_130Hz_median_ratio": 72558.58086698553,
  "stim_artifact_65Hz_median_ratio": 1.5614264021917386,
  "gain_invariance_check": {
    "scale_factor": 3.0,
    "expected_gain_sensitive_shift": 0.9542425094393249,
    "max_abs_change_gain_invariant": 7.771561172376096e-16,
    "median_abs_change_gain_sensitive": 0.9542425094393248,
    "per_feature_change": {
      "stn_alpha_log_power": 0.9542425094393249,
      "stn_low_beta_log_power": 0.9542425094393248,
      "stn_high_beta_log_power": 0.9542425094393248,
      "stn_broad_beta_log_power": 0.9542425094393246,
      "stn_gamma_log_power": 0.9542425094393248,
      "stn_low_beta_high_beta_log_ratio": 0.0,
      "stn_beta_gamma_log_ratio": -1.1102230246251565e-16,
      "aperiodic_offset": 0.9542425094393245,
      "aperiodic_slope": -2.220446049250313e-16,
      "low_beta_residual_power": 5.551115123125783e-16,
      "high_beta_residual_power": 6.38378239159465e-16,
      "broad_beta_residual_power": 6.245004513516506e-16,
      "gamma_residual_power": 6.106226635438361e-16,
      "beta_peak_frequency": 0.0,
      "beta_peak_amplitude": 5.551115123125783e-16,
      "gamma_peak_amplitude": 7.771561172376096e-16
    }
  },
  "n_boot": 5000,
  "n_perm": 5000,
  "seed": 42,
  "results": {
    "gain_invariant": {
      "features": [
        "low_beta_residual_power",
        "high_beta_residual_power",
        "broad_beta_residual_power",
        "gamma_residual_power",
        "beta_peak_frequency",
        "beta_peak_amplitude",
        "gamma_peak_amplitude",
        "stn_low_beta_high_beta_log_ratio",
        "stn_beta_gamma_log_ratio",
        "aperiodic_slope"
      ],
      "n_features": 10,
      "n_med_used": 26,
      "n_dbs_used": 26,
      "n_med_subjects": 15,
      "observed_cosine": 0.9689361321240711,
      "ci_lower_95": 0.7549851671888079,
      "ci_upper_95": 0.985649287707981,
      "null_signflip_mean": -0.012873771657205919,
      "p_signflip": 0.0005998800239952009,
      "null_featshuffle_mean": 0.04651157055694288,
      "p_featshuffle": 0.0001999600079984003
    },
    "periodic": {
      "features": [
        "low_beta_residual_power",
        "high_beta_residual_power",
        "broad_beta_residual_power",
        "gamma_residual_power",
        "beta_peak_frequency",
        "beta_peak_amplitude",
        "gamma_peak_amplitude"
      ],
      "n_features": 7,
      "n_med_used": 26,
      "n_dbs_used": 26,
      "n_med_subjects": 15,
      "observed_cosine": 0.9718253249285949,
      "ci_lower_95": 0.7505612634744507,
      "ci_upper_95": 0.9921747721999612,
      "null_signflip_mean": 0.0049086853003074285,
      "p_signflip": 0.002999400119976005,
      "null_featshuffle_mean": 0.050203518556765865,
      "p_featshuffle": 0.003199360127974405
    },
    "beta_periodic_stim_robust": {
      "features": [
        "low_beta_residual_power",
        "high_beta_residual_power",
        "broad_beta_residual_power",
        "beta_peak_frequency",
        "beta_peak_amplitude"
      ],
      "n_features": 5,
      "n_med_used": 26,
      "n_dbs_used": 26,
      "n_med_subjects": 15,
      "observed_cosine": 0.9877578722981991,
      "ci_lower_95": 0.8319144729736566,
      "ci_upper_95": 0.9953659909684974,
      "null_signflip_mean": 0.004529826625391319,
      "p_signflip": 0.0061987602479504095,
      "null_featshuffle_mean": 0.9511313863588179,
      "p_featshuffle": 0.17796440711857628
    },
    "gain_sensitive_amplitude": {
      "features": [
        "aperiodic_offset",
        "stn_alpha_log_power",
        "stn_low_beta_log_power",
        "stn_high_beta_log_power",
        "stn_broad_beta_log_power",
        "stn_gamma_log_power"
      ],
      "n_features": 6,
      "n_med_used": 26,
      "n_dbs_used": 26,
      "n_med_subjects": 15,
      "observed_cosine": -0.4988241031449925,
      "ci_lower_95": -0.7196914562682775,
      "ci_upper_95": 0.08862764363119353,
      "null_signflip_mean": 0.0014811903700363985,
      "p_signflip": 0.7200559888022395,
      "null_featshuffle_mean": -0.7428126039815961,
      "p_featshuffle": 0.005398920215956809
    },
    "aperiodic_broadband": {
      "features": [
        "aperiodic_offset",
        "aperiodic_slope",
        "stn_alpha_log_power",
        "stn_low_beta_log_power",
        "stn_high_beta_log_power",
        "stn_broad_beta_log_power",
        "stn_gamma_log_power",
        "stn_low_beta_high_beta_log_ratio",
        "stn_beta_gamma_log_ratio"
      ],
      "n_features": 9,
      "n_med_used": 26,
      "n_dbs_used": 26,
      "n_med_subjects": 15,
      "observed_cosine": -0.22679665163958948,
      "ci_lower_95": -0.5268112365345815,
      "ci_upper_95": 0.3791562665283631,
      "null_signflip_mean": 0.0027639595908632545,
      "p_signflip": 0.6354729054189162,
      "null_featshuffle_mean": -0.3906530815598155,
      "p_featshuffle": 0.2439512097580484
    },
    "all_features": {
      "features": [
        "stn_alpha_log_power",
        "stn_low_beta_log_power",
        "stn_high_beta_log_power",
        "stn_broad_beta_log_power",
        "stn_gamma_log_power",
        "stn_low_beta_high_beta_log_ratio",
        "stn_beta_gamma_log_ratio",
        "aperiodic_offset",
        "aperiodic_slope",
        "low_beta_residual_power",
        "high_beta_residual_power",
        "broad_beta_residual_power",
        "gamma_residual_power",
        "beta_peak_frequency",
        "beta_peak_amplitude",
        "gamma_peak_amplitude"
      ],
      "n_features": 16,
      "n_med_used": 26,
      "n_dbs_used": 26,
      "n_med_subjects": 15,
      "observed_cosine": 0.4578545202358327,
      "ci_lower_95": 0.0832319532433327,
      "ci_upper_95": 0.7444034874090747,
      "null_signflip_mean": 0.0021262354477186406,
      "p_signflip": 0.17156568686262746,
      "null_featshuffle_mean": -0.07009044019338634,
      "p_featshuffle": 0.008598280343931213
    }
  }
}